{
  "constraints": [
    {
      "type": "correlation",
      "selected": true,
      "computation": "average",
      "x_axis": "age",
      "y_axis": "bmi",
      "color": null,
      "x_step": 2,
      "params": {
        "fitting": 3,
        "polynomial_params": [
          -0.0016911159395640838, 0.23585076658550277, -10.777838464166393,
          192.13710922577891
        ],
        "range": [42, 52],
        "path": [
          [42, 30.217248257193447],
          [44, 30.463280716164036],
          [46, 30.810300875638973],
          [48, 31.17713517051928],
          [50, 31.482610035705704],
          [52, 31.64555190609923]
        ],
        "padding": 0.35714285714285054,
        "padding_top": 0.19228533125757608,
        "padding_bottom": 0.17069143044977153
      },
      "canvasImage": {},
      "svgImage": {},
      "selectedLegend": {
        "default": true
      },
      "data": [
        60, 153, 160, 224, 230, 312, 334, 367, 372, 396, 415, 432, 461, 501,
        524, 549, 596, 598, 641, 644, 665, 686, 712, 767, 800, 835, 872, 873,
        896, 916, 924, 946, 948, 958, 986, 1011, 1045, 1046, 1065, 1149, 1152,
        1160, 1171, 1180, 1188, 1227, 1255, 1263, 1272, 1303, 1304, 1310, 1323,
        1326, 74, 81, 85, 120, 123, 155, 183, 184, 197, 214, 239, 268, 318, 327,
        368, 384, 411, 425, 445, 488, 497, 498, 517, 629, 653, 674, 675, 740,
        764, 772, 777, 805, 820, 823, 874, 907, 913, 917, 933, 936, 953, 967,
        978, 985, 987, 1037, 1050, 1057, 1109, 1136, 1185, 1234, 1246, 1269,
        1289, 1300, 6, 88, 124, 146, 165, 178, 204, 229, 265, 275, 285, 286,
        297, 339, 347, 355, 356, 357, 394, 395, 401, 407, 473, 528, 537, 538,
        556, 560, 591, 595, 610, 615, 688, 691, 704, 748, 757, 766, 810, 818,
        852, 893, 932, 963, 1004, 1007, 1022, 1024, 1030, 1053, 1076, 1090,
        1121, 1201, 1218, 1281, 1285, 1293, 52, 83, 118, 151, 156, 171, 201,
        269, 299, 313, 344, 360, 365, 390, 392, 393, 403, 424, 460, 481, 484,
        545, 568, 569, 617, 622, 645, 650, 652, 658, 666, 679, 707, 716, 733,
        735, 854, 856, 876, 900, 903, 959, 976, 1003, 1010, 1013, 1049, 1052,
        1056, 1066, 1106, 1112, 1154, 1183, 1193, 1264, 1280, 147, 159, 198,
        254, 258, 271, 273, 279, 310, 316, 338, 351, 387, 400, 483, 502, 512,
        520, 522, 527, 563, 601, 605, 634, 701, 706, 711, 718, 720, 724, 744,
        745, 775, 782, 783, 846, 864, 870, 883, 925, 941, 951, 966, 970, 992,
        1009, 1020, 1094, 1096, 1107, 1135, 1140, 1144, 1203, 1222, 1256, 1327,
        1333, 16, 58, 72, 91, 114, 127, 132, 148, 216, 221, 262, 264, 284, 289,
        301, 315, 329, 331, 405, 416, 438, 489, 539, 553, 578, 599, 630, 651,
        655, 683, 685, 696, 702, 721, 731, 742, 771, 779, 793, 844, 853, 939,
        964, 1088, 1098, 1101, 1122, 1133, 1142, 1145, 1176, 1213, 1230, 1240,
        1259, 1329, 1332
      ],
      "id": "P1"
    }
  ]
}
