{
    "constraints": [
      {
        "type": "correlation",
        "selected": true,
        "computation": "count",
        "x_axis": "age",
        "y_axis": null,
        "color": "income",
        "x_step": 10,
        "params": {
          "fitting": 3,
          "polynomial_params": [
            0.0089111328125, -1.4591357421877165, 71.78690917970378,
            -977.9344189456046
          ],
          "range": [27, 47],
          "path": [
            [27, 71.99999999998954],
            [37, 132.0000000000141],
            [47, 97.99999999999545]
          ],
          "padding": 13.392857142857125,
          "padding_top": 1.0459189070388675e-11,
          "padding_bottom": 1.4097167877480388e-11
        },
        "canvasImage": {},
        "svgImage": {},
        "selectedLegend": {
          "<=50K": false,
          ">50K": true
        },
        "data": [
          20, 30, 35, 36, 38, 82, 90, 92, 110, 111, 113, 118, 119, 123, 124, 129, 135,
          148, 154, 159, 161, 174, 175, 187, 292, 315, 325, 362, 389, 491, 551, 581,
          697, 729, 736, 931, 967, 1036, 1074, 1077, 1215, 1221, 1241, 1323, 1405,
          1428, 1475, 1600, 1621, 1690, 1798, 1799, 1863, 1885, 1899, 1903, 1977,
          2005, 2013, 2017, 2040, 2085, 2255, 2292, 2306, 2327, 2381, 2500, 2502,
          2556, 2668, 2677, 1, 23, 29, 31, 33, 39, 40, 41, 84, 93, 94, 98, 102, 104,
          106, 109, 115, 116, 127, 131, 133, 134, 138, 142, 143, 145, 147, 150, 152,
          155, 157, 158, 160, 173, 178, 180, 181, 185, 186, 212, 260, 277, 283, 326,
          327, 367, 394, 399, 418, 441, 471, 567, 576, 585, 608, 644, 646, 658, 699,
          726, 837, 861, 919, 975, 981, 983, 1000, 1013, 1051, 1141, 1176, 1246, 1254,
          1304, 1322, 1356, 1370, 1376, 1402, 1409, 1420, 1421, 1504, 1509, 1519,
          1532, 1548, 1559, 1578, 1588, 1629, 1639, 1681, 1708, 1767, 1768, 1794,
          1920, 1928, 1948, 1953, 1971, 2003, 2043, 2052, 2088, 2120, 2141, 2144,
          2146, 2160, 2268, 2288, 2291, 2293, 2294, 2329, 2337, 2341, 2355, 2442,
          2465, 2551, 2561, 2573, 2608, 2656, 2681, 2688, 2753, 2761, 2764, 22, 24,
          27, 28, 34, 37, 44, 97, 101, 103, 105, 107, 114, 117, 120, 126, 128, 130,
          136, 137, 139, 140, 141, 146, 149, 153, 156, 189, 270, 406, 425, 428, 457,
          466, 533, 547, 596, 598, 609, 648, 654, 673, 688, 717, 751, 835, 905, 971,
          972, 993, 995, 997, 1024, 1076, 1093, 1119, 1196, 1203, 1249, 1258, 1336,
          1383, 1433, 1495, 1501, 1539, 1581, 1613, 1641, 1680, 1703, 1761, 1775,
          1793, 1829, 1891, 1991, 2008, 2096, 2102, 2118, 2236, 2237, 2302, 2322,
          2440, 2453, 2508, 2511, 2588, 2624, 2631, 2662, 2706, 2722, 2727, 2758, 2785
        ],
        "id": "P0"
      }
    ]
}