,distocenterpc,wdispc,nodessimpc,pc_node_num,distocenterpriv,wdispriv,nodessimpriv,priv_node_num,cluster_intra_dis_diff_pc_priv,cluster_real_node_num
0,2330.4451759494123,274.18110249139096,0.6506024096385542,112.0,2317.9281055374195,265.1291786749261,0.6144578313253012,115.0,12.51707041199279,83.0
1,2415.074493241209,245.07201014844523,0.8313253012048193,97.0,2446.30951852003,242.95321097392193,0.8192771084337349,98.0,31.235025278821013,83.0
